,year,country,latitude,longitude,region,arrivals
0,2020,Afghanistan,33.93911,67.709953,Asia,564.0
1,2020,Albania,41.153332,20.168331,Europe,197.0
2,2020,Algeria,28.033886,1.659626,Africa,2092.0
3,2020,Andorra,42.546245,1.601554,Europe,15.0
4,2020,Angola,-11.202692,17.873887,Africa,18.0
5,2020,Antigua and Barbuda,17.060816,-61.796428,Americas,49.0
6,2020,Argentina,-38.416097,-63.616672,Americas,2823.0
7,2020,Armenia,40.069099,45.038189,Asia,184.0
8,2020,Australia,-25.274398,133.775136,Oceania,85148.0
9,2020,Austria,47.516231,14.550072,Europe,3776.0
10,2020,Azerbaijan,40.143105,47.576927,Asia,322.0
11,2020,Bahamas,25.03428,-77.39628,Americas,14.0
12,2020,Bahrain,25.930414,50.637772,Asia,595.0
13,2020,Bangladesh,23.684994,90.356331,Asia,57670.0
14,2020,Barbados,13.193887,-59.543198,Americas,21.0
15,2020,Belarus,53.709807,27.953389,Europe,1259.0
16,2020,Belgium,50.503887,4.469936,Europe,4491.0
17,2020,Belize,17.189877,-88.49765,Americas,21.0
18,2020,Benin,9.30769,2.315834,Africa,16.0
19,2020,Bhutan,27.514162,90.433601,Asia,134.0
20,2020,"Bolivia, Plurinational State of",-16.290154,-63.588653,Americas,74.0
21,2020,Bosnia and Herzegovina,43.915886,17.679076,Europe,239.0
22,2020,Botswana,-22.328474,24.684866,Africa,55.0
23,2020,Brazil,-14.235004,-51.92528,Americas,4144.0
24,2020,Brunei Darussalam,4.535277,114.727669,Asia,187788.0
25,2020,Bulgaria,42.733883,25.48583,Europe,1397.0
26,2020,Burkina Faso,12.238333,-1.561593,Africa,13.0
27,2020,Burundi,-3.373056,29.918886,Africa,4.0
28,2020,Cabo Verde,16.002082,-24.013197,Africa,11.0
29,2020,Cambodia,12.565679,104.990963,Asia,20710.0
30,2020,Cameroon,7.369722,12.354722,Africa,83.0
31,2020,Canada,56.130366,-106.346771,Americas,19574.0
32,2020,Central African Republic,6.611111,20.939444,Africa,1.0
33,2020,Chad,15.454166,18.732207,Africa,59.0
34,2020,Chile,-35.675147,-71.542969,Americas,1318.0
35,2020,China,35.86166,104.195397,Asia,394813.0
36,2020,Colombia,4.570868,-74.297333,Americas,454.0
37,2020,Comoros,-11.875001,43.872219,Africa,49.0
38,2020,Congo,-0.228021,15.827659,Africa,7.0
39,2020,"Congo, The Democratic Republic of the",-4.038333,21.758664,Africa,32.0
40,2020,Costa Rica,9.748917,-83.753428,Americas,192.0
41,2020,Croatia,45.1,15.2,Europe,1001.0
42,2020,Cuba,21.521757,-77.781167,Americas,97.0
43,2020,Cyprus,35.126413,33.429859,Asia,187.0
44,2020,Czechia,49.817492,15.472962,Europe,4774.0
45,2020,Côte d'Ivoire,7.539989,-5.54708,Africa,59.0
46,2020,Denmark,56.26392,9.501785,Europe,6811.0
47,2020,Djibouti,11.825138,42.590275,Africa,39.0
48,2020,Dominica,15.414999,-61.370976,Americas,117.0
49,2020,Dominican Republic,18.735693,-70.162651,Americas,65.0
50,2020,Ecuador,-1.831239,-78.183406,Americas,206.0
51,2020,Egypt,26.820553,30.802498,Africa,6951.0
52,2020,El Salvador,13.794185,-88.89653,Americas,54.0
53,2020,Equatorial Guinea,1.650801,10.267895,Africa,9.0
54,2020,Eritrea,15.179384,39.782334,Africa,65.0
55,2020,Estonia,58.595272,25.013607,Europe,1415.0
56,2020,Eswatini,-26.522503,31.465866,Africa,24.0
57,2020,Ethiopia,9.145,40.489673,Africa,109.0
58,2020,Fiji,-16.578193,179.414413,Oceania,385.0
59,2020,Finland,61.92411,25.748151,Europe,5753.0
60,2020,France,46.227638,2.213749,Europe,33939.0
61,2020,Gabon,-0.803689,11.609444,Africa,16.0
62,2020,Gambia,13.443182,-15.310139,Africa,174.0
63,2020,Georgia,42.315407,43.356892,Asia,195.0
64,2020,Germany,51.165691,10.451526,Europe,31137.0
65,2020,Ghana,7.946527,-1.023194,Africa,190.0
66,2020,Greece,39.074208,21.824312,Europe,976.0
67,2020,Grenada,12.262776,-61.604171,Americas,60.0
68,2020,Guadeloupe,16.995971,-62.067641,Americas,1.0
69,2020,Guatemala,15.783471,-90.230759,Americas,46.0
70,2020,Guinea,9.945587,-9.696645,Africa,191.0
71,2020,Guinea-Bissau,11.803749,-15.180413,Africa,8.0
72,2020,Guyana,4.860416,-58.93018,Americas,18.0
73,2020,Haiti,18.971187,-72.285215,Americas,15.0
74,2020,Holy See (Vatican City State),41.902916,12.453389,Europe,6.0
75,2020,Honduras,15.199999,-86.241905,Americas,77.0
76,2020,Hong Kong,22.396428,114.109497,Asia,99.0
77,2020,Hungary,47.162494,19.503304,Europe,3764.0
78,2020,Iceland,64.963051,-19.020835,Europe,272.0
79,2020,India,20.593684,78.96288,Asia,201631.0
80,2020,Indonesia,-0.789275,113.921327,Asia,792231.0
81,2020,"Iran, Islamic Republic of",32.427908,53.688046,Asia,9437.0
82,2020,Iraq,33.223191,43.679291,Asia,4022.0
83,2020,Ireland,53.41291,-8.24389,Europe,4663.0
84,2020,Italy,41.87194,12.56738,Europe,11293.0
85,2020,Jamaica,18.109581,-77.297508,Americas,82.0
86,2020,Japan,36.204824,138.252924,Asia,98775.0
87,2020,Jordan,30.585164,36.238414,Asia,2621.0
88,2020,Kazakhstan,48.019573,66.923684,Asia,7939.0
89,2020,Kenya,-0.023559,37.906193,Africa,1027.0
90,2020,Kiribati,-3.370417,-168.734039,Oceania,40.0
91,2020,"Korea, Democratic People's Republic of",40.339852,127.510093,Asia,8.0
92,2020,"Korea, Republic of",35.907757,127.766922,Asia,140362.0
93,2020,Kuwait,29.31166,47.481766,Asia,1481.0
94,2020,Kyrgyzstan,41.20438,74.766098,Asia,1312.0
95,2020,Lao People's Democratic Republic,19.85627,102.495496,Asia,6646.0
96,2020,Latvia,56.879635,24.603189,Europe,942.0
97,2020,Lebanon,33.854721,35.862285,Asia,639.0
98,2020,Lesotho,-29.609988,28.233608,Africa,14.0
99,2020,Liberia,6.428055,-9.429499,Africa,25.0
100,2020,Libya,26.3351,17.228331,Africa,1863.0
101,2020,Liechtenstein,47.166,9.555373,Europe,25.0
102,2020,Lithuania,55.169438,23.881275,Europe,1364.0
103,2020,Luxembourg,49.815273,6.129583,Europe,147.0
104,2020,Madagascar,-18.766947,46.869107,Africa,145.0
105,2020,Malawi,-13.254308,34.301525,Africa,67.0
106,2020,Maldives,3.202778,73.22068,Asia,5117.0
107,2020,Mali,17.570692,-3.996166,Africa,31.0
108,2020,Malta,35.937496,14.375416,Europe,136.0
109,2020,Marshall Islands,7.131474,171.184478,Oceania,10.0
110,2020,Mauritania,21.00789,-10.940835,Africa,72.0
111,2020,Mauritius,-20.348404,57.552152,Africa,2440.0
112,2020,Mayotte,-12.8275,45.166244,Africa,1.0
113,2020,Mexico,23.634501,-102.552784,Americas,1651.0
114,2020,"Micronesia, Federated States of",7.425554,150.550812,Oceania,3.0
115,2020,"Moldova, Republic of",47.411631,28.369885,Europe,140.0
116,2020,Monaco,43.750298,7.412841,Europe,11.0
117,2020,Mongolia,46.862496,103.846656,Asia,1379.0
118,2020,Montenegro,42.708678,19.37439,Europe,78.0
119,2020,Morocco,31.791702,-7.09262,Africa,2337.0
120,2020,Mozambique,-18.665695,35.529562,Africa,118.0
121,2020,Myanmar,21.913965,95.956223,Asia,36809.0
122,2020,Nauru,-0.522778,166.931503,Oceania,3.0
123,2020,Nepal,28.394857,84.124008,Asia,33558.0
124,2020,Netherlands,52.132633,5.291266,Europe,17045.0
125,2020,New Zealand,-40.900557,174.885971,Oceania,10816.0
126,2020,Nicaragua,12.865416,-85.207229,Americas,27.0
127,2020,Niger,17.607789,8.081666,Africa,12.0
128,2020,Nigeria,9.081999,8.675277,Africa,2132.0
129,2020,North Macedonia,41.608635,21.745275,Europe,129.0
130,2020,Northern Mariana Islands,17.33083,145.38469,Oceania,2.0
131,2020,Norway,60.472024,8.468946,Europe,4172.0
132,2020,Oman,21.512583,55.923255,Asia,3377.0
133,2020,Pakistan,30.375321,69.345116,Asia,36609.0
134,2020,"Palestine, State of",31.952162,35.233154,Asia,1215.0
135,2020,Panama,8.537981,-80.782127,Americas,121.0
136,2020,Papua New Guinea,-6.314993,143.95555,Oceania,200.0
137,2020,Paraguay,-23.442503,-58.443832,Americas,35.0
138,2020,Peru,-9.189967,-75.015152,Americas,508.0
139,2020,Philippines,12.879721,121.774017,Asia,97011.0
140,2020,Poland,51.919438,19.145136,Europe,8386.0
141,2020,Portugal,39.399872,-8.224454,Europe,2228.0
142,2020,Qatar,25.354826,51.183884,Asia,230.0
143,2020,Romania,45.943161,24.96676,Europe,3120.0
144,2020,Russian Federation,61.52401,105.318756,Europe,33674.0
145,2020,Rwanda,-1.940278,29.873888,Africa,19.0
146,2020,Saint Kitts and Nevis,17.357822,-62.782998,Americas,136.0
147,2020,Saint Lucia,13.909444,-60.978893,Americas,34.0
148,2020,Saint Vincent and the Grenadines,12.984305,-61.287228,Americas,5.0
149,2020,Samoa,-13.759029,-172.104629,Oceania,9.0
150,2020,San Marino,43.94236,12.457777,Europe,8.0
151,2020,Sao Tome and Principe,0.18636,6.613081,Africa,10.0
152,2020,Saudi Arabia,23.885942,45.079162,Asia,24594.0
153,2020,Senegal,14.497401,-14.452362,Africa,176.0
154,2020,Serbia,44.016521,21.005859,Europe,354.0
155,2020,Seychelles,-4.679574,55.491977,Africa,280.0
156,2020,Sierra Leone,8.460555,-11.779889,Africa,122.0
157,2020,Singapore,1.352083,103.819836,Asia,2777821.0
158,2020,Slovakia,48.669026,19.699024,Europe,2306.0
159,2020,Slovenia,46.151241,14.995463,Europe,662.0
160,2020,Solomon Islands,-9.64571,160.156194,Oceania,45.0
161,2020,Somalia,5.152149,46.199616,Africa,876.0
162,2020,South Africa,-30.559482,22.937506,Africa,4876.0
163,2020,Spain,40.463667,-3.74922,Europe,7612.0
164,2020,Sri Lanka,7.873054,80.771797,Asia,10368.0
165,2020,Sudan,12.862807,30.217636,Africa,3074.0
166,2020,Suriname,3.919305,-56.027783,Americas,32.0
167,2020,Sweden,60.128161,18.643501,Europe,10271.0
168,2020,Switzerland,46.818188,8.227512,Europe,6043.0
169,2020,Syrian Arab Republic,34.802075,38.996815,Asia,2307.0
170,2020,"Taiwan, Province of China",23.69781,120.960515,Asia,66860.0
171,2020,Tajikistan,38.861034,71.276093,Asia,326.0
172,2020,"Tanzania, United Republic of",-6.369028,34.888822,Africa,615.0
173,2020,Thailand,15.870032,100.992541,Asia,537336.0
174,2020,Timor-Leste,-8.874217,125.727539,Asia,258.0
175,2020,Togo,8.619543,0.824782,Africa,30.0
176,2020,Tokelau,-8.967363,-171.855881,Oceania,2.0
177,2020,Tonga,-21.178986,-175.198242,Oceania,23.0
178,2020,Trinidad and Tobago,10.691803,-61.222503,Americas,115.0
179,2020,Tunisia,33.886917,9.537499,Africa,884.0
180,2020,Turkmenistan,38.969719,59.556278,Asia,361.0
181,2020,Türkiye,38.963745,35.243322,Asia,3778.0
182,2020,Uganda,1.373333,32.290275,Africa,339.0
183,2020,Ukraine,48.379433,31.16558,Europe,7653.0
184,2020,United Arab Emirates,23.424076,53.847818,Asia,751.0
185,2020,United Kingdom,55.378051,-3.435973,Europe,75176.0
186,2020,United States,37.09024,-95.712891,Americas,54456.0
187,2020,Uruguay,-32.522779,-55.765835,Americas,480.0
188,2020,Uzbekistan,41.377491,64.585262,Asia,4122.0
189,2020,Vanuatu,-15.376706,166.959158,Oceania,226.0
190,2020,"Venezuela, Bolivarian Republic of",6.42375,-66.58973,Americas,323.0
191,2020,Viet Nam,14.058324,108.277199,Asia,72079.0
192,2020,Yemen,15.552727,48.516388,Asia,6429.0
193,2020,Zambia,-13.133897,27.849332,Africa,239.0
194,2020,Zimbabwe,-19.015438,29.154857,Africa,474.0
195,2021,Afghanistan,33.93911,67.709953,Asia,304.0
196,2021,Albania,41.153332,20.168331,Europe,15.0
197,2021,Algeria,28.033886,1.659626,Africa,158.0
198,2021,Angola,-11.202692,17.873887,Africa,4.0
199,2021,Antigua and Barbuda,17.060816,-61.796428,Americas,2.0
200,2021,Argentina,-38.416097,-63.616672,Americas,97.0
201,2021,Armenia,40.069099,45.038189,Asia,8.0
202,2021,Australia,-25.274398,133.775136,Oceania,1900.0
203,2021,Austria,47.516231,14.550072,Europe,227.0
204,2021,Azerbaijan,40.143105,47.576927,Asia,43.0
205,2021,Bahrain,25.930414,50.637772,Asia,27.0
206,2021,Bangladesh,23.684994,90.356331,Asia,8061.0
207,2021,Barbados,13.193887,-59.543198,Americas,5.0
208,2021,Belarus,53.709807,27.953389,Europe,12.0
209,2021,Belgium,50.503887,4.469936,Europe,250.0
210,2021,Belize,17.189877,-88.49765,Americas,6.0
211,2021,Benin,9.30769,2.315834,Africa,2.0
212,2021,Bhutan,27.514162,90.433601,Asia,17.0
213,2021,"Bolivia, Plurinational State of",-16.290154,-63.588653,Americas,2.0
214,2021,Bosnia and Herzegovina,43.915886,17.679076,Europe,56.0
215,2021,Botswana,-22.328474,24.684866,Africa,9.0
216,2021,Brazil,-14.235004,-51.92528,Americas,304.0
217,2021,Brunei Darussalam,4.535277,114.727669,Asia,4162.0
218,2021,Bulgaria,42.733883,25.48583,Europe,147.0
219,2021,Burkina Faso,12.238333,-1.561593,Africa,2.0
220,2021,Burundi,-3.373056,29.918886,Africa,12.0
221,2021,Cambodia,12.565679,104.990963,Asia,403.0
222,2021,Cameroon,7.369722,12.354722,Africa,25.0
223,2021,Canada,56.130366,-106.346771,Americas,804.0
224,2021,Central African Republic,6.611111,20.939444,Africa,2.0
225,2021,Chad,15.454166,18.732207,Africa,19.0
226,2021,Chile,-35.675147,-71.542969,Americas,37.0
227,2021,China,35.86166,104.195397,Asia,15555.0
228,2021,Colombia,4.570868,-74.297333,Americas,76.0
229,2021,Comoros,-11.875001,43.872219,Africa,24.0
230,2021,Congo,-0.228021,15.827659,Africa,1.0
231,2021,"Congo, The Democratic Republic of the",-4.038333,21.758664,Africa,15.0
232,2021,Costa Rica,9.748917,-83.753428,Americas,91.0
233,2021,Croatia,45.1,15.2,Europe,341.0
234,2021,Cuba,21.521757,-77.781167,Americas,4.0
235,2021,Cyprus,35.126413,33.429859,Asia,8.0
236,2021,Czechia,49.817492,15.472962,Europe,88.0
237,2021,Côte d'Ivoire,7.539989,-5.54708,Africa,12.0
238,2021,Denmark,56.26392,9.501785,Europe,331.0
239,2021,Djibouti,11.825138,42.590275,Africa,51.0
240,2021,Dominica,15.414999,-61.370976,Americas,20.0
241,2021,Dominican Republic,18.735693,-70.162651,Americas,1.0
242,2021,Ecuador,-1.831239,-78.183406,Americas,8.0
243,2021,Egypt,26.820553,30.802498,Africa,1289.0
244,2021,El Salvador,13.794185,-88.89653,Americas,2.0
245,2021,Equatorial Guinea,1.650801,10.267895,Africa,12.0
246,2021,Eritrea,15.179384,39.782334,Africa,14.0
247,2021,Estonia,58.595272,25.013607,Europe,27.0
248,2021,Eswatini,-26.522503,31.465866,Africa,11.0
249,2021,Ethiopia,9.145,40.489673,Africa,51.0
250,2021,Fiji,-16.578193,179.414413,Oceania,10.0
251,2021,Finland,61.92411,25.748151,Europe,183.0
252,2021,France,46.227638,2.213749,Europe,1977.0
253,2021,Gabon,-0.803689,11.609444,Africa,8.0
254,2021,Gambia,13.443182,-15.310139,Africa,19.0
255,2021,Georgia,42.315407,43.356892,Asia,45.0
256,2021,Germany,51.165691,10.451526,Europe,1512.0
257,2021,Ghana,7.946527,-1.023194,Africa,84.0
258,2021,Greece,39.074208,21.824312,Europe,108.0
259,2021,Grenada,12.262776,-61.604171,Americas,4.0
260,2021,Guatemala,15.783471,-90.230759,Americas,3.0
261,2021,Guinea,9.945587,-9.696645,Africa,94.0
262,2021,Haiti,18.971187,-72.285215,Americas,1.0
263,2021,Holy See (Vatican City State),41.902916,12.453389,Europe,5.0
264,2021,Honduras,15.199999,-86.241905,Americas,13.0
265,2021,Hong Kong,22.396428,114.109497,Asia,174.0
266,2021,Hungary,47.162494,19.503304,Europe,94.0
267,2021,Iceland,64.963051,-19.020835,Europe,4.0
268,2021,India,20.593684,78.96288,Asia,14485.0
269,2021,Indonesia,-0.789275,113.921327,Asia,20048.0
270,2021,"Iran, Islamic Republic of",32.427908,53.688046,Asia,759.0
271,2021,Iraq,33.223191,43.679291,Asia,702.0
272,2021,Ireland,53.41291,-8.24389,Europe,246.0
273,2021,Italy,41.87194,12.56738,Europe,694.0
274,2021,Jamaica,18.109581,-77.297508,Americas,6.0
275,2021,Japan,36.204824,138.252924,Asia,6817.0
276,2021,Jordan,30.585164,36.238414,Asia,423.0
277,2021,Kazakhstan,48.019573,66.923684,Asia,242.0
278,2021,Kenya,-0.023559,37.906193,Africa,258.0
279,2021,Kiribati,-3.370417,-168.734039,Oceania,40.0
280,2021,"Korea, Democratic People's Republic of",40.339852,127.510093,Asia,1.0
281,2021,"Korea, Republic of",35.907757,127.766922,Asia,5348.0
282,2021,Kuwait,29.31166,47.481766,Asia,58.0
283,2021,Kyrgyzstan,41.20438,74.766098,Asia,59.0
284,2021,Lao People's Democratic Republic,19.85627,102.495496,Asia,554.0
285,2021,Latvia,56.879635,24.603189,Europe,48.0
286,2021,Lebanon,33.854721,35.862285,Asia,73.0
287,2021,Lesotho,-29.609988,28.233608,Africa,2.0
288,2021,Liberia,6.428055,-9.429499,Africa,23.0
289,2021,Libya,26.3351,17.228331,Africa,609.0
290,2021,Liechtenstein,47.166,9.555373,Europe,3.0
291,2021,Lithuania,55.169438,23.881275,Europe,63.0
292,2021,Luxembourg,49.815273,6.129583,Europe,10.0
293,2021,Madagascar,-18.766947,46.869107,Africa,3.0
294,2021,Malawi,-13.254308,34.301525,Africa,31.0
295,2021,Maldives,3.202778,73.22068,Asia,948.0
296,2021,Mali,17.570692,-3.996166,Africa,19.0
297,2021,Malta,35.937496,14.375416,Europe,13.0
298,2021,Marshall Islands,7.131474,171.184478,Oceania,2.0
299,2021,Mauritania,21.00789,-10.940835,Africa,42.0
300,2021,Mauritius,-20.348404,57.552152,Africa,146.0
301,2021,Mexico,23.634501,-102.552784,Americas,120.0
302,2021,"Moldova, Republic of",47.411631,28.369885,Europe,3.0
303,2021,Monaco,43.750298,7.412841,Europe,3.0
304,2021,Mongolia,46.862496,103.846656,Asia,19.0
305,2021,Montenegro,42.708678,19.37439,Europe,76.0
306,2021,Morocco,31.791702,-7.09262,Africa,121.0
307,2021,Mozambique,-18.665695,35.529562,Africa,51.0
308,2021,Myanmar,21.913965,95.956223,Asia,1658.0
309,2021,Nepal,28.394857,84.124008,Asia,1132.0
310,2021,Netherlands,52.132633,5.291266,Europe,865.0
311,2021,New Zealand,-40.900557,174.885971,Oceania,305.0
312,2021,Nicaragua,12.865416,-85.207229,Americas,8.0
313,2021,Niger,17.607789,8.081666,Africa,2.0
314,2021,Nigeria,9.081999,8.675277,Africa,1267.0
315,2021,North Macedonia,41.608635,21.745275,Europe,11.0
316,2021,Norway,60.472024,8.468946,Europe,240.0
317,2021,Oman,21.512583,55.923255,Asia,187.0
318,2021,Pakistan,30.375321,69.345116,Asia,5183.0
319,2021,"Palestine, State of",31.952162,35.233154,Asia,251.0
320,2021,Panama,8.537981,-80.782127,Americas,21.0
321,2021,Papua New Guinea,-6.314993,143.95555,Oceania,12.0
322,2021,Peru,-9.189967,-75.015152,Americas,22.0
323,2021,Philippines,12.879721,121.774017,Asia,7840.0
324,2021,Poland,51.919438,19.145136,Europe,358.0
325,2021,Portugal,39.399872,-8.224454,Europe,151.0
326,2021,Qatar,25.354826,51.183884,Asia,50.0
327,2021,Romania,45.943161,24.96676,Europe,334.0
328,2021,Russian Federation,61.52401,105.318756,Europe,955.0
329,2021,Rwanda,-1.940278,29.873888,Africa,15.0
330,2021,Saint Kitts and Nevis,17.357822,-62.782998,Americas,6.0
331,2021,Saint Lucia,13.909444,-60.978893,Americas,3.0
332,2021,San Marino,43.94236,12.457777,Europe,1.0
333,2021,Sao Tome and Principe,0.18636,6.613081,Africa,2.0
334,2021,Saudi Arabia,23.885942,45.079162,Asia,1147.0
335,2021,Senegal,14.497401,-14.452362,Africa,50.0
336,2021,Serbia,44.016521,21.005859,Europe,34.0
337,2021,Seychelles,-4.679574,55.491977,Africa,103.0
338,2021,Sierra Leone,8.460555,-11.779889,Africa,21.0
339,2021,Singapore,1.352083,103.819836,Asia,17692.0
340,2021,Slovakia,48.669026,19.699024,Europe,110.0
341,2021,Slovenia,46.151241,14.995463,Europe,20.0
342,2021,Solomon Islands,-9.64571,160.156194,Oceania,2.0
343,2021,Somalia,5.152149,46.199616,Africa,402.0
344,2021,South Africa,-30.559482,22.937506,Africa,489.0
345,2021,South Georgia and the South Sandwich Islands,-54.429579,-36.587909,Americas,1.0
346,2021,Spain,40.463667,-3.74922,Europe,384.0
347,2021,Sri Lanka,7.873054,80.771797,Asia,830.0
348,2021,Sudan,12.862807,30.217636,Africa,692.0
349,2021,Sweden,60.128161,18.643501,Europe,433.0
350,2021,Switzerland,46.818188,8.227512,Europe,289.0
351,2021,Syrian Arab Republic,34.802075,38.996815,Asia,410.0
352,2021,"Taiwan, Province of China",23.69781,120.960515,Asia,1161.0
353,2021,Tajikistan,38.861034,71.276093,Asia,38.0
354,2021,"Tanzania, United Republic of",-6.369028,34.888822,Africa,214.0
355,2021,Thailand,15.870032,100.992541,Asia,319365.0
356,2021,Timor-Leste,-8.874217,125.727539,Asia,25.0
357,2021,Togo,8.619543,0.824782,Africa,6.0
358,2021,Trinidad and Tobago,10.691803,-61.222503,Americas,14.0
359,2021,Tunisia,33.886917,9.537499,Africa,78.0
360,2021,Turkmenistan,38.969719,59.556278,Asia,29.0
361,2021,Türkiye,38.963745,35.243322,Asia,549.0
362,2021,Uganda,1.373333,32.290275,Africa,60.0
363,2021,Ukraine,48.379433,31.16558,Europe,800.0
364,2021,United Arab Emirates,23.424076,53.847818,Asia,103.0
365,2021,United Kingdom,55.378051,-3.435973,Europe,5007.0
366,2021,United States,37.09024,-95.712891,Americas,3265.0
367,2021,Uruguay,-32.522779,-55.765835,Americas,9.0
368,2021,Uzbekistan,41.377491,64.585262,Asia,197.0
369,2021,Vanuatu,-15.376706,166.959158,Oceania,9.0
370,2021,"Venezuela, Bolivarian Republic of",6.42375,-66.58973,Americas,37.0
371,2021,Viet Nam,14.058324,108.277199,Asia,1305.0
372,2021,Yemen,15.552727,48.516388,Asia,1201.0
373,2021,Zambia,-13.133897,27.849332,Africa,108.0
374,2021,Zimbabwe,-19.015438,29.154857,Africa,98.0
375,2022,Afghanistan,33.93911,67.709953,Asia,865.0
376,2022,Albania,41.153332,20.168331,Europe,350.0
377,2022,Algeria,28.033886,1.659626,Africa,3700.0
378,2022,Andorra,42.546245,1.601554,Europe,36.0
379,2022,Angola,-11.202692,17.873887,Africa,35.0
380,2022,Anguilla,18.220554,-63.068615,Americas,1.0
381,2022,Antigua and Barbuda,17.060816,-61.796428,Americas,140.0
382,2022,Argentina,-38.416097,-63.616672,Americas,2432.0
383,2022,Armenia,40.069099,45.038189,Asia,258.0
384,2022,Aruba,12.52111,-69.968338,Americas,2.0
385,2022,Australia,-25.274398,133.775136,Oceania,179375.0
386,2022,Austria,47.516231,14.550072,Europe,7026.0
387,2022,Azerbaijan,40.143105,47.576927,Asia,645.0
388,2022,Bahamas,25.03428,-77.39628,Americas,50.0
389,2022,Bahrain,25.930414,50.637772,Asia,1349.0
390,2022,Bangladesh,23.684994,90.356331,Asia,239144.0
391,2022,Barbados,13.193887,-59.543198,Americas,51.0
392,2022,Belarus,53.709807,27.953389,Europe,1360.0
393,2022,Belgium,50.503887,4.469936,Europe,9146.0
394,2022,Belize,17.189877,-88.49765,Americas,51.0
395,2022,Benin,9.30769,2.315834,Africa,64.0
396,2022,Bhutan,27.514162,90.433601,Asia,334.0
397,2022,"Bolivia, Plurinational State of",-16.290154,-63.588653,Americas,176.0
398,2022,Bosnia and Herzegovina,43.915886,17.679076,Europe,407.0
399,2022,Botswana,-22.328474,24.684866,Africa,124.0
400,2022,Brazil,-14.235004,-51.92528,Americas,6974.0
401,2022,British Indian Ocean Territory,-6.343194,71.876519,Africa,2.0
402,2022,Brunei Darussalam,4.535277,114.727669,Asia,398291.0
403,2022,Bulgaria,42.733883,25.48583,Europe,1559.0
404,2022,Burkina Faso,12.238333,-1.561593,Africa,42.0
405,2022,Burundi,-3.373056,29.918886,Africa,31.0
406,2022,Cabo Verde,16.002082,-24.013197,Africa,23.0
407,2022,Cambodia,12.565679,104.990963,Asia,49331.0
408,2022,Cameroon,7.369722,12.354722,Africa,191.0
409,2022,Canada,56.130366,-106.346771,Americas,36410.0
410,2022,Central African Republic,6.611111,20.939444,Africa,1.0
411,2022,Chad,15.454166,18.732207,Africa,144.0
412,2022,Chile,-35.675147,-71.542969,Americas,1251.0
413,2022,China,35.86166,104.195397,Asia,294311.0
414,2022,Cocos (Keeling) Islands,-12.164165,96.870956,Oceania,2.0
415,2022,Colombia,4.570868,-74.297333,Americas,1247.0
416,2022,Comoros,-11.875001,43.872219,Africa,106.0
417,2022,Congo,-0.228021,15.827659,Africa,16.0
418,2022,"Congo, The Democratic Republic of the",-4.038333,21.758664,Africa,69.0
419,2022,Costa Rica,9.748917,-83.753428,Americas,449.0
420,2022,Croatia,45.1,15.2,Europe,1270.0
421,2022,Cuba,21.521757,-77.781167,Americas,212.0
422,2022,Cyprus,35.126413,33.429859,Asia,487.0
423,2022,Czechia,49.817492,15.472962,Europe,3902.0
424,2022,Côte d'Ivoire,7.539989,-5.54708,Africa,182.0
425,2022,Denmark,56.26392,9.501785,Europe,9290.0
426,2022,Djibouti,11.825138,42.590275,Africa,122.0
427,2022,Dominica,15.414999,-61.370976,Americas,248.0
428,2022,Dominican Republic,18.735693,-70.162651,Americas,127.0
429,2022,Ecuador,-1.831239,-78.183406,Americas,457.0
430,2022,Egypt,26.820553,30.802498,Africa,14332.0
431,2022,El Salvador,13.794185,-88.89653,Americas,82.0
432,2022,Equatorial Guinea,1.650801,10.267895,Africa,8.0
433,2022,Eritrea,15.179384,39.782334,Africa,114.0
434,2022,Estonia,58.595272,25.013607,Europe,1012.0
435,2022,Eswatini,-26.522503,31.465866,Africa,128.0
436,2022,Ethiopia,9.145,40.489673,Africa,298.0
437,2022,Fiji,-16.578193,179.414413,Oceania,928.0
438,2022,Finland,61.92411,25.748151,Europe,4791.0
439,2022,France,46.227638,2.213749,Europe,70056.0
440,2022,Gabon,-0.803689,11.609444,Africa,68.0
441,2022,Gambia,13.443182,-15.310139,Africa,164.0
442,2022,Georgia,42.315407,43.356892,Asia,385.0
443,2022,Germany,51.165691,10.451526,Europe,68276.0
444,2022,Ghana,7.946527,-1.023194,Africa,507.0
445,2022,Gibraltar,36.137741,-5.345374,Europe,1.0
446,2022,Greece,39.074208,21.824312,Europe,1676.0
447,2022,Grenada,12.262776,-61.604171,Americas,137.0
448,2022,Guatemala,15.783471,-90.230759,Americas,118.0
449,2022,Guinea,9.945587,-9.696645,Africa,365.0
450,2022,Guinea-Bissau,11.803749,-15.180413,Africa,3.0
451,2022,Guyana,4.860416,-58.93018,Americas,28.0
452,2022,Haiti,18.971187,-72.285215,Americas,46.0
453,2022,Holy See (Vatican City State),41.902916,12.453389,Europe,10.0
454,2022,Honduras,15.199999,-86.241905,Americas,114.0
455,2022,Hong Kong,22.396428,114.109497,Asia,1380.0
456,2022,Hungary,47.162494,19.503304,Europe,3331.0
457,2022,Iceland,64.963051,-19.020835,Europe,281.0
458,2022,India,20.593684,78.96288,Asia,472326.0
459,2022,Indonesia,-0.789275,113.921327,Asia,1742038.0
460,2022,"Iran, Islamic Republic of",32.427908,53.688046,Asia,10149.0
461,2022,Iraq,33.223191,43.679291,Asia,7069.0
462,2022,Ireland,53.41291,-8.24389,Europe,11060.0
463,2022,Israel,31.046051,34.851612,Asia,7.0
464,2022,Italy,41.87194,12.56738,Europe,23538.0
465,2022,Jamaica,18.109581,-77.297508,Americas,122.0
466,2022,Japan,36.204824,138.252924,Asia,127017.0
467,2022,Jordan,30.585164,36.238414,Asia,5406.0
468,2022,Kazakhstan,48.019573,66.923684,Asia,3569.0
469,2022,Kenya,-0.023559,37.906193,Africa,2597.0
470,2022,Kiribati,-3.370417,-168.734039,Oceania,5.0
471,2022,"Korea, Republic of",35.907757,127.766922,Asia,187941.0
472,2022,Kuwait,29.31166,47.481766,Asia,4660.0
473,2022,Kyrgyzstan,41.20438,74.766098,Asia,1403.0
474,2022,Lao People's Democratic Republic,19.85627,102.495496,Asia,9562.0
475,2022,Latvia,56.879635,24.603189,Europe,856.0
476,2022,Lebanon,33.854721,35.862285,Asia,1734.0
477,2022,Lesotho,-29.609988,28.233608,Africa,52.0
478,2022,Liberia,6.428055,-9.429499,Africa,83.0
479,2022,Libya,26.3351,17.228331,Africa,2649.0
480,2022,Liechtenstein,47.166,9.555373,Europe,53.0
481,2022,Lithuania,55.169438,23.881275,Europe,1605.0
482,2022,Luxembourg,49.815273,6.129583,Europe,345.0
483,2022,Macao,22.198745,113.543873,Asia,16.0
484,2022,Madagascar,-18.766947,46.869107,Africa,179.0
485,2022,Malawi,-13.254308,34.301525,Africa,174.0
486,2022,Maldives,3.202778,73.22068,Asia,20229.0
487,2022,Mali,17.570692,-3.996166,Africa,53.0
488,2022,Malta,35.937496,14.375416,Europe,427.0
489,2022,Marshall Islands,7.131474,171.184478,Oceania,18.0
490,2022,Mauritania,21.00789,-10.940835,Africa,216.0
491,2022,Mauritius,-20.348404,57.552152,Africa,6484.0
492,2022,Mexico,23.634501,-102.552784,Americas,4094.0
493,2022,"Micronesia, Federated States of",7.425554,150.550812,Oceania,2.0
494,2022,"Moldova, Republic of",47.411631,28.369885,Europe,192.0
495,2022,Monaco,43.750298,7.412841,Europe,22.0
496,2022,Mongolia,46.862496,103.846656,Asia,2868.0
497,2022,Montenegro,42.708678,19.37439,Europe,85.0
498,2022,Morocco,31.791702,-7.09262,Africa,5153.0
499,2022,Mozambique,-18.665695,35.529562,Africa,204.0
500,2022,Myanmar,21.913965,95.956223,Asia,74927.0
501,2022,Nauru,-0.522778,166.931503,Oceania,9.0
502,2022,Nepal,28.394857,84.124008,Asia,179897.0
503,2022,Netherlands,52.132633,5.291266,Europe,36994.0
504,2022,New Caledonia,-20.904305,165.618042,Oceania,1.0
505,2022,New Zealand,-40.900557,174.885971,Oceania,21918.0
506,2022,Nicaragua,12.865416,-85.207229,Americas,62.0
507,2022,Niger,17.607789,8.081666,Africa,23.0
508,2022,Nigeria,9.081999,8.675277,Africa,3820.0
509,2022,North Macedonia,41.608635,21.745275,Europe,205.0
510,2022,Norway,60.472024,8.468946,Europe,5893.0
511,2022,Oman,21.512583,55.923255,Asia,7282.0
512,2022,Pakistan,30.375321,69.345116,Asia,88260.0
513,2022,Palau,7.51498,134.58252,Oceania,15.0
514,2022,"Palestine, State of",31.952162,35.233154,Asia,2459.0
515,2022,Panama,8.537981,-80.782127,Americas,138.0
516,2022,Papua New Guinea,-6.314993,143.95555,Oceania,450.0
517,2022,Paraguay,-23.442503,-58.443832,Americas,73.0
518,2022,Peru,-9.189967,-75.015152,Americas,889.0
519,2022,Philippines,12.879721,121.774017,Asia,234363.0
520,2022,Poland,51.919438,19.145136,Europe,9646.0
521,2022,Portugal,39.399872,-8.224454,Europe,5812.0
522,2022,Qatar,25.354826,51.183884,Asia,1376.0
523,2022,Romania,45.943161,24.96676,Europe,4435.0
524,2022,Russian Federation,61.52401,105.318756,Europe,40730.0
525,2022,Rwanda,-1.940278,29.873888,Africa,59.0
526,2022,Saint Kitts and Nevis,17.357822,-62.782998,Americas,564.0
527,2022,Saint Lucia,13.909444,-60.978893,Americas,97.0
528,2022,Saint Vincent and the Grenadines,12.984305,-61.287228,Americas,9.0
529,2022,Samoa,-13.759029,-172.104629,Oceania,32.0
530,2022,San Marino,43.94236,12.457777,Europe,8.0
531,2022,Sao Tome and Principe,0.18636,6.613081,Africa,9.0
532,2022,Saudi Arabia,23.885942,45.079162,Asia,38796.0
533,2022,Senegal,14.497401,-14.452362,Africa,229.0
534,2022,Serbia,44.016521,21.005859,Europe,454.0
535,2022,Seychelles,-4.679574,55.491977,Africa,505.0
536,2022,Sierra Leone,8.460555,-11.779889,Africa,136.0
537,2022,Singapore,1.352083,103.819836,Asia,8389031.0
538,2022,Slovakia,48.669026,19.699024,Europe,2188.0
539,2022,Slovenia,46.151241,14.995463,Europe,646.0
540,2022,Solomon Islands,-9.64571,160.156194,Oceania,73.0
541,2022,Somalia,5.152149,46.199616,Africa,1861.0
542,2022,South Africa,-30.559482,22.937506,Africa,10285.0
543,2022,South Georgia and the South Sandwich Islands,-54.429579,-36.587909,Americas,4.0
544,2022,Spain,40.463667,-3.74922,Europe,25221.0
545,2022,Sri Lanka,7.873054,80.771797,Asia,30050.0
546,2022,Sudan,12.862807,30.217636,Africa,7415.0
547,2022,Suriname,3.919305,-56.027783,Americas,108.0
548,2022,Sweden,60.128161,18.643501,Europe,9421.0
549,2022,Switzerland,46.818188,8.227512,Europe,12202.0
550,2022,Syrian Arab Republic,34.802075,38.996815,Asia,5254.0
551,2022,"Taiwan, Province of China",23.69781,120.960515,Asia,58917.0
552,2022,Tajikistan,38.861034,71.276093,Asia,736.0
553,2022,"Tanzania, United Republic of",-6.369028,34.888822,Africa,1157.0
554,2022,Thailand,15.870032,100.992541,Asia,1213634.0
555,2022,Timor-Leste,-8.874217,125.727539,Asia,2310.0
556,2022,Togo,8.619543,0.824782,Africa,44.0
557,2022,Tonga,-21.178986,-175.198242,Oceania,78.0
558,2022,Trinidad and Tobago,10.691803,-61.222503,Americas,252.0
559,2022,Tunisia,33.886917,9.537499,Africa,3192.0
560,2022,Turkmenistan,38.969719,59.556278,Asia,509.0
561,2022,Tuvalu,-7.109535,177.64933,Oceania,1.0
562,2022,Türkiye,38.963745,35.243322,Asia,9217.0
563,2022,Uganda,1.373333,32.290275,Africa,684.0
564,2022,Ukraine,48.379433,31.16558,Europe,5432.0
565,2022,United Arab Emirates,23.424076,53.847818,Asia,3624.0
566,2022,United Kingdom,55.378051,-3.435973,Europe,163998.0
567,2022,United States,37.09024,-95.712891,Americas,126536.0
568,2022,Uruguay,-32.522779,-55.765835,Americas,282.0
569,2022,Uzbekistan,41.377491,64.585262,Asia,6274.0
570,2022,Vanuatu,-15.376706,166.959158,Oceania,500.0
571,2022,"Venezuela, Bolivarian Republic of",6.42375,-66.58973,Americas,530.0
572,2022,Viet Nam,14.058324,108.277199,Asia,200122.0
573,2022,Yemen,15.552727,48.516388,Asia,11499.0
574,2022,Zambia,-13.133897,27.849332,Africa,429.0
575,2022,Zimbabwe,-19.015438,29.154857,Africa,1037.0
576,2023,Afghanistan,33.93911,67.709953,Asia,684.0
577,2023,Albania,41.153332,20.168331,Europe,627.0
578,2023,Algeria,28.033886,1.659626,Africa,11814.0
579,2023,Andorra,42.546245,1.601554,Europe,88.0
580,2023,Angola,-11.202692,17.873887,Africa,78.0
581,2023,Anguilla,18.220554,-63.068615,Americas,1.0
582,2023,Antigua and Barbuda,17.060816,-61.796428,Americas,276.0
583,2023,Argentina,-38.416097,-63.616672,Americas,6162.0
584,2023,Armenia,40.069099,45.038189,Asia,1099.0
585,2023,Australia,-25.274398,133.775136,Oceania,409096.0
586,2023,Austria,47.516231,14.550072,Europe,14358.0
587,2023,Azerbaijan,40.143105,47.576927,Asia,1712.0
588,2023,Bahamas,25.03428,-77.39628,Americas,119.0
589,2023,Bahrain,25.930414,50.637772,Asia,2780.0
590,2023,Bangladesh,23.684994,90.356331,Asia,635545.0
591,2023,Barbados,13.193887,-59.543198,Americas,89.0
592,2023,Belarus,53.709807,27.953389,Europe,5116.0
593,2023,Belgium,50.503887,4.469936,Europe,21020.0
594,2023,Belize,17.189877,-88.49765,Americas,140.0
595,2023,Benin,9.30769,2.315834,Africa,159.0
596,2023,Bermuda,32.321384,-64.75737,Americas,1.0
597,2023,Bhutan,27.514162,90.433601,Asia,673.0
598,2023,"Bolivia, Plurinational State of",-16.290154,-63.588653,Americas,623.0
599,2023,Bosnia and Herzegovina,43.915886,17.679076,Europe,804.0
600,2023,Botswana,-22.328474,24.684866,Africa,230.0
601,2023,Bouvet Island,-54.423199,3.413194,Americas,1.0
602,2023,Brazil,-14.235004,-51.92528,Americas,15139.0
603,2023,British Indian Ocean Territory,-6.343194,71.876519,Africa,5.0
604,2023,Brunei Darussalam,4.535277,114.727669,Asia,1113225.0
605,2023,Bulgaria,42.733883,25.48583,Europe,3630.0
606,2023,Burkina Faso,12.238333,-1.561593,Africa,92.0
607,2023,Burundi,-3.373056,29.918886,Africa,82.0
608,2023,Cabo Verde,16.002082,-24.013197,Africa,32.0
609,2023,Cambodia,12.565679,104.990963,Asia,96644.0
610,2023,Cameroon,7.369722,12.354722,Africa,360.0
611,2023,Canada,56.130366,-106.346771,Americas,84768.0
612,2023,Central African Republic,6.611111,20.939444,Africa,8.0
613,2023,Chad,15.454166,18.732207,Africa,345.0
614,2023,Chile,-35.675147,-71.542969,Americas,3510.0
615,2023,China,35.86166,104.195397,Asia,1661719.0
616,2023,Colombia,4.570868,-74.297333,Americas,2859.0
617,2023,Comoros,-11.875001,43.872219,Africa,249.0
618,2023,Congo,-0.228021,15.827659,Africa,55.0
619,2023,"Congo, The Democratic Republic of the",-4.038333,21.758664,Africa,171.0
620,2023,Cook Islands,-21.236736,-159.777671,Oceania,1.0
621,2023,Costa Rica,9.748917,-83.753428,Americas,922.0
622,2023,Croatia,45.1,15.2,Europe,2803.0
623,2023,Cuba,21.521757,-77.781167,Americas,333.0
624,2023,Cyprus,35.126413,33.429859,Asia,1106.0
625,2023,Czechia,49.817492,15.472962,Europe,9728.0
626,2023,Côte d'Ivoire,7.539989,-5.54708,Africa,306.0
627,2023,Denmark,56.26392,9.501785,Europe,19080.0
628,2023,Djibouti,11.825138,42.590275,Africa,142.0
629,2023,Dominica,15.414999,-61.370976,Americas,605.0
630,2023,Dominican Republic,18.735693,-70.162651,Americas,393.0
631,2023,Ecuador,-1.831239,-78.183406,Americas,1040.0
632,2023,Egypt,26.820553,30.802498,Africa,25669.0
633,2023,El Salvador,13.794185,-88.89653,Americas,250.0
634,2023,Equatorial Guinea,1.650801,10.267895,Africa,19.0
635,2023,Eritrea,15.179384,39.782334,Africa,217.0
636,2023,Estonia,58.595272,25.013607,Europe,3331.0
637,2023,Eswatini,-26.522503,31.465866,Africa,242.0
638,2023,Ethiopia,9.145,40.489673,Africa,472.0
639,2023,Fiji,-16.578193,179.414413,Oceania,2679.0
640,2023,Finland,61.92411,25.748151,Europe,10146.0
641,2023,France,46.227638,2.213749,Europe,141828.0
642,2023,Gabon,-0.803689,11.609444,Africa,134.0
643,2023,Gambia,13.443182,-15.310139,Africa,316.0
644,2023,Georgia,42.315407,43.356892,Asia,804.0
645,2023,Germany,51.165691,10.451526,Europe,144717.0
646,2023,Ghana,7.946527,-1.023194,Africa,1090.0
647,2023,Gibraltar,36.137741,-5.345374,Europe,1.0
648,2023,Greece,39.074208,21.824312,Europe,4243.0
649,2023,Greenland,71.706936,-42.604303,Americas,2.0
650,2023,Grenada,12.262776,-61.604171,Americas,227.0
651,2023,Guatemala,15.783471,-90.230759,Americas,476.0
652,2023,Guinea,9.945587,-9.696645,Africa,720.0
653,2023,Guinea-Bissau,11.803749,-15.180413,Africa,9.0
654,2023,Guyana,4.860416,-58.93018,Americas,91.0
655,2023,Haiti,18.971187,-72.285215,Americas,91.0
656,2023,Heard Island and McDonald Islands,-53.08181,73.504158,Oceania,1.0
657,2023,Holy See (Vatican City State),41.902916,12.453389,Europe,5.0
658,2023,Honduras,15.199999,-86.241905,Americas,266.0
659,2023,Hong Kong,22.396428,114.109497,Asia,10345.0
660,2023,Hungary,47.162494,19.503304,Europe,8016.0
661,2023,Iceland,64.963051,-19.020835,Europe,570.0
662,2023,India,20.593684,78.96288,Asia,930548.0
663,2023,Indonesia,-0.789275,113.921327,Asia,3734821.0
664,2023,"Iran, Islamic Republic of",32.427908,53.688046,Asia,23997.0
665,2023,Iraq,33.223191,43.679291,Asia,13814.0
666,2023,Ireland,53.41291,-8.24389,Europe,22383.0
667,2023,Israel,31.046051,34.851612,Asia,2.0
668,2023,Italy,41.87194,12.56738,Europe,58137.0
669,2023,Jamaica,18.109581,-77.297508,Americas,305.0
670,2023,Japan,36.204824,138.252924,Asia,324050.0
671,2023,Jordan,30.585164,36.238414,Asia,10560.0
672,2023,Kazakhstan,48.019573,66.923684,Asia,10248.0
673,2023,Kenya,-0.023559,37.906193,Africa,6254.0
674,2023,Kiribati,-3.370417,-168.734039,Oceania,19.0
675,2023,"Korea, Republic of",35.907757,127.766922,Asia,444660.0
676,2023,Kuwait,29.31166,47.481766,Asia,12842.0
677,2023,Kyrgyzstan,41.20438,74.766098,Asia,3088.0
678,2023,Lao People's Democratic Republic,19.85627,102.495496,Asia,23963.0
679,2023,Latvia,56.879635,24.603189,Europe,2826.0
680,2023,Lebanon,33.854721,35.862285,Asia,3516.0
681,2023,Lesotho,-29.609988,28.233608,Africa,62.0
682,2023,Liberia,6.428055,-9.429499,Africa,108.0
683,2023,Libya,26.3351,17.228331,Africa,4396.0
684,2023,Liechtenstein,47.166,9.555373,Europe,97.0
685,2023,Lithuania,55.169438,23.881275,Europe,5646.0
686,2023,Luxembourg,49.815273,6.129583,Europe,850.0
687,2023,Macao,22.198745,113.543873,Asia,83.0
688,2023,Madagascar,-18.766947,46.869107,Africa,1184.0
689,2023,Malawi,-13.254308,34.301525,Africa,257.0
690,2023,Maldives,3.202778,73.22068,Asia,33233.0
691,2023,Mali,17.570692,-3.996166,Africa,158.0
692,2023,Malta,35.937496,14.375416,Europe,823.0
693,2023,Marshall Islands,7.131474,171.184478,Oceania,55.0
694,2023,Mauritania,21.00789,-10.940835,Africa,260.0
695,2023,Mauritius,-20.348404,57.552152,Africa,22527.0
696,2023,Mayotte,-12.8275,45.166244,Africa,1.0
697,2023,Mexico,23.634501,-102.552784,Americas,10541.0
698,2023,"Micronesia, Federated States of",7.425554,150.550812,Oceania,15.0
699,2023,"Moldova, Republic of",47.411631,28.369885,Europe,443.0
700,2023,Monaco,43.750298,7.412841,Europe,34.0
701,2023,Mongolia,46.862496,103.846656,Asia,7034.0
702,2023,Montenegro,42.708678,19.37439,Europe,189.0
703,2023,Morocco,31.791702,-7.09262,Africa,13557.0
704,2023,Mozambique,-18.665695,35.529562,Africa,337.0
705,2023,Myanmar,21.913965,95.956223,Asia,156695.0
706,2023,Nauru,-0.522778,166.931503,Oceania,78.0
707,2023,Nepal,28.394857,84.124008,Asia,165647.0
708,2023,Netherlands,52.132633,5.291266,Europe,79988.0
709,2023,New Zealand,-40.900557,174.885971,Oceania,53257.0
710,2023,Nicaragua,12.865416,-85.207229,Americas,82.0
711,2023,Niger,17.607789,8.081666,Africa,36.0
712,2023,Nigeria,9.081999,8.675277,Africa,5442.0
713,2023,North Macedonia,41.608635,21.745275,Europe,579.0
714,2023,Northern Mariana Islands,17.33083,145.38469,Oceania,1.0
715,2023,Norway,60.472024,8.468946,Europe,12004.0
716,2023,Oman,21.512583,55.923255,Asia,19439.0
717,2023,Pakistan,30.375321,69.345116,Asia,157774.0
718,2023,Palau,7.51498,134.58252,Oceania,24.0
719,2023,"Palestine, State of",31.952162,35.233154,Asia,4344.0
720,2023,Panama,8.537981,-80.782127,Americas,420.0
721,2023,Papua New Guinea,-6.314993,143.95555,Oceania,1140.0
722,2023,Paraguay,-23.442503,-58.443832,Americas,226.0
723,2023,Peru,-9.189967,-75.015152,Americas,2262.0
724,2023,Philippines,12.879721,121.774017,Asia,510580.0
725,2023,Poland,51.919438,19.145136,Europe,24114.0
726,2023,Portugal,39.399872,-8.224454,Europe,12120.0
727,2023,Qatar,25.354826,51.183884,Asia,2725.0
728,2023,Romania,45.943161,24.96676,Europe,10684.0
729,2023,Russian Federation,61.52401,105.318756,Europe,133231.0
730,2023,Rwanda,-1.940278,29.873888,Africa,146.0
731,2023,Réunion,-21.115141,55.536384,Africa,2.0
732,2023,"Saint Helena, Ascension and Tristan da Cunha",-24.143474,-10.030696,Africa,1.0
733,2023,Saint Kitts and Nevis,17.357822,-62.782998,Americas,1133.0
734,2023,Saint Lucia,13.909444,-60.978893,Americas,226.0
735,2023,Saint Vincent and the Grenadines,12.984305,-61.287228,Americas,43.0
736,2023,Samoa,-13.759029,-172.104629,Oceania,57.0
737,2023,San Marino,43.94236,12.457777,Europe,37.0
738,2023,Sao Tome and Principe,0.18636,6.613081,Africa,22.0
739,2023,Saudi Arabia,23.885942,45.079162,Asia,56919.0
740,2023,Senegal,14.497401,-14.452362,Africa,894.0
741,2023,Serbia,44.016521,21.005859,Europe,1109.0
742,2023,Seychelles,-4.679574,55.491977,Africa,1075.0
743,2023,Sierra Leone,8.460555,-11.779889,Africa,295.0
744,2023,Singapore,1.352083,103.819836,Asia,14885712.0
745,2023,Slovakia,48.669026,19.699024,Europe,5417.0
746,2023,Slovenia,46.151241,14.995463,Europe,2227.0
747,2023,Solomon Islands,-9.64571,160.156194,Oceania,207.0
748,2023,Somalia,5.152149,46.199616,Africa,2736.0
749,2023,South Africa,-30.559482,22.937506,Africa,19621.0
750,2023,South Georgia and the South Sandwich Islands,-54.429579,-36.587909,Americas,2.0
751,2023,Spain,40.463667,-3.74922,Europe,48872.0
752,2023,Sri Lanka,7.873054,80.771797,Asia,66274.0
753,2023,Sudan,12.862807,30.217636,Africa,12704.0
754,2023,Suriname,3.919305,-56.027783,Americas,342.0
755,2023,Sweden,60.128161,18.643501,Europe,20681.0
756,2023,Switzerland,46.818188,8.227512,Europe,26593.0
757,2023,Syrian Arab Republic,34.802075,38.996815,Asia,8291.0
758,2023,"Taiwan, Province of China",23.69781,120.960515,Asia,314100.0
759,2023,Tajikistan,38.861034,71.276093,Asia,1428.0
760,2023,"Tanzania, United Republic of",-6.369028,34.888822,Africa,2648.0
761,2023,Thailand,15.870032,100.992541,Asia,2362222.0
762,2023,Timor-Leste,-8.874217,125.727539,Asia,2617.0
763,2023,Togo,8.619543,0.824782,Africa,125.0
764,2023,Tonga,-21.178986,-175.198242,Oceania,189.0
765,2023,Trinidad and Tobago,10.691803,-61.222503,Americas,531.0
766,2023,Tunisia,33.886917,9.537499,Africa,10193.0
767,2023,Turkmenistan,38.969719,59.556278,Asia,1368.0
768,2023,Turks and Caicos Islands,21.694025,-71.797928,Americas,2.0
769,2023,Tuvalu,-7.109535,177.64933,Oceania,4.0
770,2023,Türkiye,38.963745,35.243322,Asia,21675.0
771,2023,Uganda,1.373333,32.290275,Africa,1642.0
772,2023,Ukraine,48.379433,31.16558,Europe,13729.0
773,2023,United Arab Emirates,23.424076,53.847818,Asia,8475.0
774,2023,United Kingdom,55.378051,-3.435973,Europe,325653.0
775,2023,United States,37.09024,-95.712891,Americas,267340.0
776,2023,Uruguay,-32.522779,-55.765835,Americas,1368.0
777,2023,Uzbekistan,41.377491,64.585262,Asia,16127.0
778,2023,Vanuatu,-15.376706,166.959158,Oceania,1415.0
779,2023,"Venezuela, Bolivarian Republic of",6.42375,-66.58973,Americas,1250.0
780,2023,Viet Nam,14.058324,108.277199,Asia,402145.0
781,2023,Yemen,15.552727,48.516388,Asia,16599.0
782,2023,Zambia,-13.133897,27.849332,Africa,970.0
783,2023,Zimbabwe,-19.015438,29.154857,Africa,2025.0
784,2024,Afghanistan,33.93911,67.709953,Asia,333.0
785,2024,Albania,41.153332,20.168331,Europe,360.0
786,2024,Algeria,28.033886,1.659626,Africa,4568.0
787,2024,Andorra,42.546245,1.601554,Europe,55.0
788,2024,Angola,-11.202692,17.873887,Africa,34.0
789,2024,Anguilla,18.220554,-63.068615,Americas,2.0
790,2024,Antigua and Barbuda,17.060816,-61.796428,Americas,111.0
791,2024,Argentina,-38.416097,-63.616672,Americas,4537.0
792,2024,Armenia,40.069099,45.038189,Asia,609.0
793,2024,Australia,-25.274398,133.775136,Oceania,213550.0
794,2024,Austria,47.516231,14.550072,Europe,8478.0
795,2024,Azerbaijan,40.143105,47.576927,Asia,1209.0
796,2024,Bahamas,25.03428,-77.39628,Americas,57.0
797,2024,Bahrain,25.930414,50.637772,Asia,1163.0
798,2024,Bangladesh,23.684994,90.356331,Asia,224982.0
799,2024,Barbados,13.193887,-59.543198,Americas,65.0
800,2024,Belarus,53.709807,27.953389,Europe,3391.0
801,2024,Belgium,50.503887,4.469936,Europe,12672.0
802,2024,Belize,17.189877,-88.49765,Americas,59.0
803,2024,Benin,9.30769,2.315834,Africa,78.0
804,2024,Bermuda,32.321384,-64.75737,Americas,3.0
805,2024,Bhutan,27.514162,90.433601,Asia,572.0
806,2024,"Bolivia, Plurinational State of",-16.290154,-63.588653,Americas,175.0
807,2024,Bosnia and Herzegovina,43.915886,17.679076,Europe,535.0
808,2024,Botswana,-22.328474,24.684866,Africa,100.0
809,2024,Brazil,-14.235004,-51.92528,Americas,9320.0
810,2024,British Indian Ocean Territory,-6.343194,71.876519,Africa,3.0
811,2024,Brunei Darussalam,4.535277,114.727669,Asia,885278.0
812,2024,Bulgaria,42.733883,25.48583,Europe,2823.0
813,2024,Burkina Faso,12.238333,-1.561593,Africa,60.0
814,2024,Burundi,-3.373056,29.918886,Africa,28.0
815,2024,Cabo Verde,16.002082,-24.013197,Africa,18.0
816,2024,Cambodia,12.565679,104.990963,Asia,43066.0
817,2024,Cameroon,7.369722,12.354722,Africa,185.0
818,2024,Canada,56.130366,-106.346771,Americas,50561.0
819,2024,Central African Republic,6.611111,20.939444,Africa,1.0
820,2024,Chad,15.454166,18.732207,Africa,203.0
821,2024,Chile,-35.675147,-71.542969,Americas,2781.0
822,2024,China,35.86166,104.195397,Asia,1641615.0
823,2024,Cocos (Keeling) Islands,-12.164165,96.870956,Oceania,1.0
824,2024,Colombia,4.570868,-74.297333,Americas,1646.0
825,2024,Comoros,-11.875001,43.872219,Africa,119.0
826,2024,Congo,-0.228021,15.827659,Africa,17.0
827,2024,"Congo, The Democratic Republic of the",-4.038333,21.758664,Africa,143.0
828,2024,Costa Rica,9.748917,-83.753428,Americas,615.0
829,2024,Croatia,45.1,15.2,Europe,1796.0
830,2024,Cuba,21.521757,-77.781167,Americas,210.0
831,2024,Cyprus,35.126413,33.429859,Asia,557.0
832,2024,Czechia,49.817492,15.472962,Europe,7071.0
833,2024,Côte d'Ivoire,7.539989,-5.54708,Africa,126.0
834,2024,Denmark,56.26392,9.501785,Europe,12129.0
835,2024,Djibouti,11.825138,42.590275,Africa,84.0
836,2024,Dominica,15.414999,-61.370976,Americas,376.0
837,2024,Dominican Republic,18.735693,-70.162651,Americas,126.0
838,2024,Ecuador,-1.831239,-78.183406,Americas,607.0
839,2024,Egypt,26.820553,30.802498,Africa,13112.0
840,2024,El Salvador,13.794185,-88.89653,Americas,131.0
841,2024,Equatorial Guinea,1.650801,10.267895,Africa,14.0
842,2024,Eritrea,15.179384,39.782334,Africa,128.0
843,2024,Estonia,58.595272,25.013607,Europe,2470.0
844,2024,Eswatini,-26.522503,31.465866,Africa,162.0
845,2024,Ethiopia,9.145,40.489673,Africa,271.0
846,2024,Fiji,-16.578193,179.414413,Oceania,1369.0
847,2024,Finland,61.92411,25.748151,Europe,7141.0
848,2024,France,46.227638,2.213749,Europe,88176.0
849,2024,Gabon,-0.803689,11.609444,Africa,61.0
850,2024,Gambia,13.443182,-15.310139,Africa,171.0
851,2024,Georgia,42.315407,43.356892,Asia,507.0
852,2024,Germany,51.165691,10.451526,Europe,93766.0
853,2024,Ghana,7.946527,-1.023194,Africa,711.0
854,2024,Greece,39.074208,21.824312,Europe,2504.0
855,2024,Greenland,71.706936,-42.604303,Americas,2.0
856,2024,Grenada,12.262776,-61.604171,Americas,97.0
857,2024,Guatemala,15.783471,-90.230759,Americas,184.0
858,2024,Guinea,9.945587,-9.696645,Africa,378.0
859,2024,Guinea-Bissau,11.803749,-15.180413,Africa,6.0
860,2024,Guyana,4.860416,-58.93018,Americas,60.0
861,2024,Haiti,18.971187,-72.285215,Americas,87.0
862,2024,Holy See (Vatican City State),41.902916,12.453389,Europe,8.0
863,2024,Honduras,15.199999,-86.241905,Americas,145.0
864,2024,Hong Kong,22.396428,114.109497,Asia,15642.0
865,2024,Hungary,47.162494,19.503304,Europe,6381.0
866,2024,Iceland,64.963051,-19.020835,Europe,310.0
867,2024,India,20.593684,78.96288,Asia,726096.0
868,2024,Indonesia,-0.789275,113.921327,Asia,2188718.0
869,2024,"Iran, Islamic Republic of",32.427908,53.688046,Asia,16723.0
870,2024,Iraq,33.223191,43.679291,Asia,8619.0
871,2024,Ireland,53.41291,-8.24389,Europe,13348.0
872,2024,Israel,31.046051,34.851612,Asia,7.0
873,2024,Italy,41.87194,12.56738,Europe,30209.0
874,2024,Jamaica,18.109581,-77.297508,Americas,202.0
875,2024,Japan,36.204824,138.252924,Asia,183063.0
876,2024,Jordan,30.585164,36.238414,Asia,5547.0
877,2024,Kazakhstan,48.019573,66.923684,Asia,17278.0
878,2024,Kenya,-0.023559,37.906193,Africa,3422.0
879,2024,Kiribati,-3.370417,-168.734039,Oceania,12.0
880,2024,"Korea, Republic of",35.907757,127.766922,Asia,279123.0
881,2024,Kuwait,29.31166,47.481766,Asia,3721.0
882,2024,Kyrgyzstan,41.20438,74.766098,Asia,3112.0
883,2024,Lao People's Democratic Republic,19.85627,102.495496,Asia,14376.0
884,2024,Latvia,56.879635,24.603189,Europe,2105.0
885,2024,Lebanon,33.854721,35.862285,Asia,2179.0
886,2024,Lesotho,-29.609988,28.233608,Africa,44.0
887,2024,Liberia,6.428055,-9.429499,Africa,49.0
888,2024,Libya,26.3351,17.228331,Africa,2007.0
889,2024,Liechtenstein,47.166,9.555373,Europe,63.0
890,2024,Lithuania,55.169438,23.881275,Europe,5590.0
891,2024,Luxembourg,49.815273,6.129583,Europe,518.0
892,2024,Macao,22.198745,113.543873,Asia,33.0
893,2024,Madagascar,-18.766947,46.869107,Africa,650.0
894,2024,Malawi,-13.254308,34.301525,Africa,133.0
895,2024,Maldives,3.202778,73.22068,Asia,20802.0
896,2024,Mali,17.570692,-3.996166,Africa,70.0
897,2024,Malta,35.937496,14.375416,Europe,430.0
898,2024,Marshall Islands,7.131474,171.184478,Oceania,26.0
899,2024,Mauritania,21.00789,-10.940835,Africa,154.0
900,2024,Mauritius,-20.348404,57.552152,Africa,10082.0
901,2024,Mexico,23.634501,-102.552784,Americas,5936.0
902,2024,"Micronesia, Federated States of",7.425554,150.550812,Oceania,9.0
903,2024,"Moldova, Republic of",47.411631,28.369885,Europe,305.0
904,2024,Monaco,43.750298,7.412841,Europe,33.0
905,2024,Mongolia,46.862496,103.846656,Asia,5114.0
906,2024,Montenegro,42.708678,19.37439,Europe,136.0
907,2024,Morocco,31.791702,-7.09262,Africa,7384.0
908,2024,Mozambique,-18.665695,35.529562,Africa,246.0
909,2024,Myanmar,21.913965,95.956223,Asia,90842.0
910,2024,Nauru,-0.522778,166.931503,Oceania,12.0
911,2024,Nepal,28.394857,84.124008,Asia,69457.0
912,2024,Netherlands,52.132633,5.291266,Europe,39718.0
913,2024,New Caledonia,-20.904305,165.618042,Oceania,1.0
914,2024,New Zealand,-40.900557,174.885971,Oceania,26959.0
915,2024,Nicaragua,12.865416,-85.207229,Americas,64.0
916,2024,Niger,17.607789,8.081666,Africa,17.0
917,2024,Nigeria,9.081999,8.675277,Africa,2891.0
918,2024,North Macedonia,41.608635,21.745275,Europe,408.0
919,2024,Norway,60.472024,8.468946,Europe,7698.0
920,2024,Oman,21.512583,55.923255,Asia,9193.0
921,2024,Pakistan,30.375321,69.345116,Asia,67543.0
922,2024,Palau,7.51498,134.58252,Oceania,18.0
923,2024,"Palestine, State of",31.952162,35.233154,Asia,1980.0
924,2024,Panama,8.537981,-80.782127,Americas,247.0
925,2024,Papua New Guinea,-6.314993,143.95555,Oceania,717.0
926,2024,Paraguay,-23.442503,-58.443832,Americas,129.0
927,2024,Peru,-9.189967,-75.015152,Americas,1179.0
928,2024,Philippines,12.879721,121.774017,Asia,297875.0
929,2024,Poland,51.919438,19.145136,Europe,19233.0
930,2024,Portugal,39.399872,-8.224454,Europe,7628.0
931,2024,Puerto Rico,18.220833,-66.590149,Americas,1.0
932,2024,Qatar,25.354826,51.183884,Asia,1007.0
933,2024,Romania,45.943161,24.96676,Europe,7407.0
934,2024,Russian Federation,61.52401,105.318756,Europe,72652.0
935,2024,Rwanda,-1.940278,29.873888,Africa,58.0
936,2024,"Saint Helena, Ascension and Tristan da Cunha",-24.143474,-10.030696,Africa,1.0
937,2024,Saint Kitts and Nevis,17.357822,-62.782998,Americas,491.0
938,2024,Saint Lucia,13.909444,-60.978893,Americas,118.0
939,2024,Saint Pierre and Miquelon,46.941936,-56.27111,Americas,1.0
940,2024,Saint Vincent and the Grenadines,12.984305,-61.287228,Americas,18.0
941,2024,Samoa,-13.759029,-172.104629,Oceania,15.0
942,2024,San Marino,43.94236,12.457777,Europe,27.0
943,2024,Sao Tome and Principe,0.18636,6.613081,Africa,5.0
944,2024,Saudi Arabia,23.885942,45.079162,Asia,30450.0
945,2024,Senegal,14.497401,-14.452362,Africa,450.0
946,2024,Serbia,44.016521,21.005859,Europe,995.0
947,2024,Seychelles,-4.679574,55.491977,Africa,632.0
948,2024,Sierra Leone,8.460555,-11.779889,Africa,165.0
949,2024,Singapore,1.352083,103.819836,Asia,8426451.0
950,2024,Slovakia,48.669026,19.699024,Europe,4012.0
951,2024,Slovenia,46.151241,14.995463,Europe,1935.0
952,2024,Solomon Islands,-9.64571,160.156194,Oceania,132.0
953,2024,Somalia,5.152149,46.199616,Africa,1382.0
954,2024,South Africa,-30.559482,22.937506,Africa,9995.0
955,2024,Spain,40.463667,-3.74922,Europe,23612.0
956,2024,Sri Lanka,7.873054,80.771797,Asia,31184.0
957,2024,Sudan,12.862807,30.217636,Africa,6704.0
958,2024,Suriname,3.919305,-56.027783,Americas,134.0
959,2024,Sweden,60.128161,18.643501,Europe,12688.0
960,2024,Switzerland,46.818188,8.227512,Europe,15346.0
961,2024,Syrian Arab Republic,34.802075,38.996815,Asia,4267.0
962,2024,"Taiwan, Province of China",23.69781,120.960515,Asia,198064.0
963,2024,Tajikistan,38.861034,71.276093,Asia,1017.0
964,2024,"Tanzania, United Republic of",-6.369028,34.888822,Africa,1339.0
965,2024,Thailand,15.870032,100.992541,Asia,1214861.0
966,2024,Timor-Leste,-8.874217,125.727539,Asia,1535.0
967,2024,Togo,8.619543,0.824782,Africa,57.0
968,2024,Tonga,-21.178986,-175.198242,Oceania,134.0
969,2024,Trinidad and Tobago,10.691803,-61.222503,Americas,246.0
970,2024,Tunisia,33.886917,9.537499,Africa,4045.0
971,2024,Turkmenistan,38.969719,59.556278,Asia,3108.0
972,2024,Turks and Caicos Islands,21.694025,-71.797928,Americas,1.0
973,2024,Tuvalu,-7.109535,177.64933,Oceania,9.0
974,2024,Türkiye,38.963745,35.243322,Asia,15195.0
975,2024,Uganda,1.373333,32.290275,Africa,1530.0
976,2024,Ukraine,48.379433,31.16558,Europe,9100.0
977,2024,United Arab Emirates,23.424076,53.847818,Asia,2508.0
978,2024,United Kingdom,55.378051,-3.435973,Europe,210385.0
979,2024,United States,37.09024,-95.712891,Americas,156046.0
980,2024,Uruguay,-32.522779,-55.765835,Americas,630.0
981,2024,Uzbekistan,41.377491,64.585262,Asia,10133.0
982,2024,Vanuatu,-15.376706,166.959158,Oceania,820.0
983,2024,"Venezuela, Bolivarian Republic of",6.42375,-66.58973,Americas,731.0
984,2024,Viet Nam,14.058324,108.277199,Asia,202710.0
985,2024,Yemen,15.552727,48.516388,Asia,7997.0
986,2024,Zambia,-13.133897,27.849332,Africa,423.0
987,2024,Zimbabwe,-19.015438,29.154857,Africa,1053.0
